index,event_id,event_time,event_dttm_readable,event_dt,load_dt,own_dttm,user_id,epk_id,event_channel,sub_channel,event_type,sub_type,type_operation,event_description,first_name,last_name,middle_name,mobile_phone_number,client_phone_number,dul_number,client_card_number,payer_card_number,payer_account_number,number_acc,transaction_sender_account_number,transaction_amount,transaction_amount_currency,transaction_beneficiar_account_number,transaction_beneficiar_bik,recipient_bank_name,payee_phone_number,recepient_fio,transaction_beneficiar_nick_name,operation_id,member_id,sbp_id,user_ip_location_country_code,user_ip_location_city,user_ip_location_region,ip_device,longitude_ip,latitude_ip,hardware_id,os_id,device_time,app_version,name_os,phone_brand,phone_model,user_login_id,card_expire_date,birth_date_client,segment_client,client_groups,user_mobile_hardware_id_days_since_first_hit,device_mobile_days_since_first_hit,payment_new_ip_provider,device_source_sdk,final_marker_payer,tfm_client_marker,client_made_payment_to_recipient,client_accepted_transfer_to_recipient_ignite,main_rule,rules,subrules,risk_score_dsl,kafka_input_time,kafka_output_time,indicators_vk_max,scoring_oss,indicators_sbp,params
0,49dfef9c-47b0-4821-8716-8398054e7860,1757606044000,2025-09-11 18:54:04,20250911,20250911,2025-09-11 19:57:04.000000,7770421986,2099007770421986000001,MOBILE,UFS.MOBILEAPI,VIEW_STATEMENT,ACCOUNT,VIEW_DEPOSIT_INFO,Карточка вклада. Просмотр информации по вкладу/счёту,Андрей,Кузнецов,Сергеевич,+7 (916) 742-18-65,+7 (916) 742-18-65,451-98-84216,5599004387129866,5599004387129866,40817810400077421865,42307810900077421865,40817810400077421865,,,,,,,,,5c9bb33c23714f76871ef1f1,81618495931034,,RU,Moscow,MOW,95.31.253.21,37.6171,55.7483,A7F98B33D014CC2E93AA7B20477D11F8,F68D12C9237B4C8EA5D03184C930B6AF,AndroidT16,16.13.0,Android,Samsung Galaxy S23,Samsung Galaxy S23,login777042198600001,2031-02-28,14/05/1984,2,"95,2",60,26,2284,"{""AccessibilityServices"":{""enabled"":false},""AdvertiserId"":""E161DD66-C69D-4FEA-BE76-5C1E1C1C827E"",""AgentAppInfo"":""SberBank 16.13.0 arm64-v8a"",""AgentBrand"":""Samsung Galaxy S23"",""AgentConnectionType"":""5G"",""AppKey"":""8FEF6E3A-D8E2-4177-ABA7-A833DFDF34E1"",""ApplicationMD5"":""D0E7E4771F5342E4A7602C1BD9613EE6"",""AuthenticationInfo"":{""HasSavedBioData"":true,""IsDeviceUnlocked"":true,""IsHardwareAvailable"":true},""BootCount"":91,""BootId"":""4830948F-D36E-49E0-84CF-5847D7DD5A48"",""Compromised"":0,""Debugger"":0,""DeveloperTools"":0,""DeviceModel"":""Samsung Galaxy S23"",""DeviceName"":""Unknown"",""DeviceSystemName"":""Android"",""DeviceSystemVersion"":""14"",""Emulator"":0,""HardwareID"":""A7F98B33D014CC2E93AA7B20477D11F8"",""InstallationSource"":""com.android.vending"",""Languages"":""ru_RU"",""LocalIPv4"":""10.0.59.164"",""MCC"":""250"",""MNC"":""1"",""OS_ID"":""F68D12C9237B4C8EA5D03184C930B6AF"",""OSCodeName"":""Android"",""PhoneLastCall"":{""answered"":false,""direction"":0,""duration"":0,""state"":0,""type"":""unknown""},""RdpConnection"":""0"",""ScreenshotCounter"":0,""ScreenSize"":""1080x2340"",""SDK_VERSION"":""5.7.1.1032"",""ShareScreen"":false,""TIMESTAMP"":""2025-09-11T18:54:04Z"",""TimeZone"":""MSK"",""VpnConnection"":false,""LocationHash"":""89E2C856E3EB4811BC27ACC05558C99D0F979F112CE04ECAA58A84E7CEAEC6C3""}",B20|U00|---|---|----|---|--------|-------|---|RM31|---|---|--|------|RI00|---|-C2F-|-F2C-|-C2T-|-T2C-|Y0304|----|---|---|-----|--|N00|----|--|----|----|----|-------,G73|B20|ABS-------|---|M050|----|---|---------|----|--------|Y0203|usdlim|-------|------|U00|RI00|DIGIT01110|----------|---------|TFM_EPK|CBCUR0|ABREL--|-----------,false,ДА,,[],[],94,1757606064,1757606124,{},{},{},"{""demo_client_trace"":true}"
1,eba6b153-2922-4ea6-af86-5775674b2f80,1758708124000,2025-09-24 13:02:04,20250924,20250924,2025-09-24 14:17:04.000000,7770421986,2099007770421986000001,MOBILE,UFS.MOBILEAPI,PAYMENT,PHONE,PHONE_PAYMENT,Оплата мобильной связи,Андрей,Кузнецов,Сергеевич,+7 (916) 742-18-65,+7 (916) 742-18-65,451-98-84216,5599004387129866,5599004387129866,40817810400077421865,42307810900077421865,40817810400077421865,750.0,RUB,01845146270482814893,044525823,Газпромбанк,+7 903 742-88-10,Петров Денис Алексеевич,Мастер,86ee93611b484d76a2dbb6de,25288095701543,,RU,Moscow,MOW,95.31.15.62,37.6171,55.7483,A7F98B33D014CC2E93AA7B20477D11F8,F68D12C9237B4C8EA5D03184C930B6AF,AndroidT16,16.13.0,Android,Samsung Galaxy S23,Samsung Galaxy S23,login777042198600001,2031-02-28,14/05/1984,2,"95,2",146,21,2284,"{""AccessibilityServices"":{""enabled"":false},""AdvertiserId"":""BA9C01CA-CF59-4C2C-9647-F7579EC8B6A5"",""AgentAppInfo"":""SberBank 16.13.0 arm64-v8a"",""AgentBrand"":""Samsung Galaxy S23"",""AgentConnectionType"":""4G"",""AppKey"":""1EBF3BBC-32B2-4CFF-AD6F-15538753AACE"",""ApplicationMD5"":""4590CA714DE24BAFA0F84F36D1C00E38"",""AuthenticationInfo"":{""HasSavedBioData"":true,""IsDeviceUnlocked"":true,""IsHardwareAvailable"":true},""BootCount"":144,""BootId"":""240DFAB9-0487-4574-83C6-AAE28A714C20"",""Compromised"":0,""Debugger"":0,""DeveloperTools"":0,""DeviceModel"":""Samsung Galaxy S23"",""DeviceName"":""Unknown"",""DeviceSystemName"":""Android"",""DeviceSystemVersion"":""14"",""Emulator"":0,""HardwareID"":""A7F98B33D014CC2E93AA7B20477D11F8"",""InstallationSource"":""com.android.vending"",""Languages"":""ru_RU"",""LocalIPv4"":""10.0.9.252"",""MCC"":""250"",""MNC"":""1"",""OS_ID"":""F68D12C9237B4C8EA5D03184C930B6AF"",""OSCodeName"":""Android"",""PhoneLastCall"":{""answered"":false,""direction"":0,""duration"":0,""state"":0,""type"":""unknown""},""RdpConnection"":""0"",""ScreenshotCounter"":0,""ScreenSize"":""1080x2340"",""SDK_VERSION"":""5.7.1.1032"",""ShareScreen"":false,""TIMESTAMP"":""2025-09-24T13:02:04Z"",""TimeZone"":""MSK"",""VpnConnection"":false,""LocationHash"":""4291AD7CC6724173BF9B1C6542BFF41F8B7B589E09CB41CE9B9A1398002CD543""}",B20|U00|---|---|----|---|--------|-------|---|RM31|---|---|--|------|RI00|---|-C2F-|-F2C-|-C2T-|-T2C-|Y0304|----|---|---|-----|--|N00|----|--|----|----|----|-------,G73|B20|ABS-------|---|M050|----|---|---------|----|--------|Y0203|usdlim|-------|------|U00|RI00|DIGIT01110|----------|---------|TFM_EPK|CBCUR0|ABREL--|-----------,true,НЕТ,,[],[],137,1758708144,1758708204,{},{},{},"{""demo_client_trace"":true}"
2,2c3fc0e6-99b3-4b58-9915-5be80c2d876c,1759995004000,2025-10-09 10:30:04,20251009,20251009,2025-10-09 10:42:04.000000,7770421986,2099007770421986000001,MOBILE,UFS.MOBILEAPI,PAYMENT,ME2ME,ME2ME_TRANSFER,Перевод между своими счетами,Андрей,Кузнецов,Сергеевич,+7 (916) 742-18-65,+7 (916) 742-18-65,451-98-84216,5599004387129866,5599004387129866,40817810400077421865,42307810900077421865,40817810400077421865,15000.0,RUB,65133387262473178108,044525225,ПАО Сбербанк,,Смирнов Павел Максимович,Коллега,c885c9fbf90e429fad552dbf,01326773602606,,RU,Moscow,MOW,95.31.68.238,37.6171,55.7483,A7F98B33D014CC2E93AA7B20477D11F8,F68D12C9237B4C8EA5D03184C930B6AF,AndroidT16,16.13.0,Android,Samsung Galaxy S23,Samsung Galaxy S23,login777042198600001,2031-02-28,14/05/1984,2,"95,2",117,74,2284,"{""AccessibilityServices"":{""enabled"":false},""AdvertiserId"":""F3BAD107-DE48-48B6-BF1C-2C71816D82B3"",""AgentAppInfo"":""SberBank 16.13.0 arm64-v8a"",""AgentBrand"":""Samsung Galaxy S23"",""AgentConnectionType"":""5G"",""AppKey"":""27277B26-E085-4E20-B94D-D3E24D68151A"",""ApplicationMD5"":""23795B47EA044D6FBBB7FF78CB551E95"",""AuthenticationInfo"":{""HasSavedBioData"":true,""IsDeviceUnlocked"":true,""IsHardwareAvailable"":true},""BootCount"":162,""BootId"":""39CF2498-D56B-472E-B723-A9095BED0B7F"",""Compromised"":0,""Debugger"":0,""DeveloperTools"":0,""DeviceModel"":""Samsung Galaxy S23"",""DeviceName"":""Unknown"",""DeviceSystemName"":""Android"",""DeviceSystemVersion"":""14"",""Emulator"":0,""HardwareID"":""A7F98B33D014CC2E93AA7B20477D11F8"",""InstallationSource"":""com.android.vending"",""Languages"":""ru_RU"",""LocalIPv4"":""10.0.85.185"",""MCC"":""250"",""MNC"":""1"",""OS_ID"":""F68D12C9237B4C8EA5D03184C930B6AF"",""OSCodeName"":""Android"",""PhoneLastCall"":{""answered"":false,""direction"":0,""duration"":0,""state"":0,""type"":""unknown""},""RdpConnection"":""0"",""ScreenshotCounter"":0,""ScreenSize"":""1080x2340"",""SDK_VERSION"":""5.7.1.1032"",""ShareScreen"":false,""TIMESTAMP"":""2025-10-09T10:30:04Z"",""TimeZone"":""MSK"",""VpnConnection"":false,""LocationHash"":""51B458B623554E2D98600C6BDE2BB49DAC64EF1013AB4F9294D7A8E42CA80215""}",B20|U00|---|---|----|---|--------|-------|---|RM31|---|---|--|------|RI00|---|-C2F-|-F2C-|-C2T-|-T2C-|Y0304|----|---|---|-----|--|N00|----|--|----|----|----|-------,G73|B20|ABS-------|---|M050|----|---|---------|----|--------|Y0203|usdlim|-------|------|U00|RI00|DIGIT01110|----------|---------|TFM_EPK|CBCUR0|ABREL--|-----------,true,ДА,,[],[],125,1759995024,1759995084,{},{},{},"{""demo_client_trace"":true}"
3,1c88bb44-2d93-4bce-bf06-6a6064899105,1760352964000,2025-10-13 13:56:04,20251013,20251013,2025-10-13 14:38:04.000000,7770421986,2099007770421986000001,MOBILE,UFS.MOBILEAPI,PAYMENT,RURPAYMENT,PAYMENT_SBP,Перевод С2С из Сбербанка в сторонний Банк,Андрей,Кузнецов,Сергеевич,+7 (916) 742-18-65,+7 (916) 742-18-65,451-98-84216,5599004387129866,5599004387129866,40817810400077421865,42307810900077421865,40817810400077421865,18500.0,RUB,30980500978820812191,044525593,Альфа-Банк,+7 925 331-19-82,Иванова Мария Игоревна,Сестра,e435eb4f540e4de58942d7f4,36193990916998,0d99e903a7174db1b57e008,RU,Moscow,MOW,95.31.81.240,37.6171,55.7483,A7F98B33D014CC2E93AA7B20477D11F8,F68D12C9237B4C8EA5D03184C930B6AF,AndroidT16,16.13.0,Android,Samsung Galaxy S23,Samsung Galaxy S23,login777042198600001,2031-02-28,14/05/1984,2,"95,2",67,53,2284,"{""AccessibilityServices"":{""enabled"":false},""AdvertiserId"":""6D8A9D70-72B8-411F-934A-BF26AC52941E"",""AgentAppInfo"":""SberBank 16.13.0 arm64-v8a"",""AgentBrand"":""Samsung Galaxy S23"",""AgentConnectionType"":""WiFi"",""AppKey"":""14385B28-B53C-4EDD-9D7B-BDE6B380E66D"",""ApplicationMD5"":""0E687CD3827B49219E0AA4B047DA363E"",""AuthenticationInfo"":{""HasSavedBioData"":true,""IsDeviceUnlocked"":true,""IsHardwareAvailable"":true},""BootCount"":100,""BootId"":""00F54A1C-E16F-4893-B585-8737E5297975"",""Compromised"":0,""Debugger"":0,""DeveloperTools"":0,""DeviceModel"":""Samsung Galaxy S23"",""DeviceName"":""Unknown"",""DeviceSystemName"":""Android"",""DeviceSystemVersion"":""14"",""Emulator"":0,""HardwareID"":""A7F98B33D014CC2E93AA7B20477D11F8"",""InstallationSource"":""com.android.vending"",""Languages"":""ru_RU"",""LocalIPv4"":""10.0.31.69"",""MCC"":""250"",""MNC"":""1"",""OS_ID"":""F68D12C9237B4C8EA5D03184C930B6AF"",""OSCodeName"":""Android"",""PhoneLastCall"":{""answered"":false,""direction"":0,""duration"":0,""state"":0,""type"":""unknown""},""RdpConnection"":""0"",""ScreenshotCounter"":0,""ScreenSize"":""1080x2340"",""SDK_VERSION"":""5.7.1.1032"",""ShareScreen"":false,""TIMESTAMP"":""2025-10-13T13:56:04Z"",""TimeZone"":""MSK"",""VpnConnection"":false,""LocationHash"":""2CE9251938114E3A836B3B89D05FC5AE312B15BD4DEF467595F551E8B3CABBEA""}",B20|U00|---|---|----|---|--------|-------|---|RM31|---|---|--|------|RI00|---|-C2F-|-F2C-|-C2T-|-T2C-|Y0304|----|---|---|-----|--|N00|----|--|----|----|----|-------,G73|B20|ABS-------|---|M050|----|---|---------|----|--------|Y0203|usdlim|-------|------|U00|RI00|DIGIT01110|----------|---------|TFM_EPK|CBCUR0|ABREL--|-----------,true,ДА,"{""rule_name"":""DENY новый получатель и высокий риск устройства"",""rule_id"":""ddb64a93-09ae-4499-84d1-f212c45be94a"",""rule_category"":""New Payee""}","[""DENY новый получатель и высокий риск устройства""]",[],744,1760352984,1760353044,{},{},{},"{""demo_client_trace"":true}"
4,cc5a17cb-1c0e-440b-840b-221bc4da6b49,1761923644000,2025-10-31 18:14:04,20251031,20251031,2025-10-31 19:08:04.000000,7770421986,2099007770421986000001,MOBILE,UFS.MOBILEAPI,PAYMENT,UTILITY,UTILITY_PAYMENT,Оплата услуг ЖКХ,Андрей,Кузнецов,Сергеевич,+7 (916) 742-18-65,+7 (916) 742-18-65,451-98-84216,5599004387129866,5599004387129866,40817810400077421865,42307810900077421865,40817810400077421865,6420.55,RUB,93406088356159514846,044525974,Т-Банк,,Смирнов Павел Максимович,Коллега,de7152b64fa141c4a1250a44,56482366299468,,RU,Moscow,MOW,95.31.214.1,37.6171,55.7483,A7F98B33D014CC2E93AA7B20477D11F8,F68D12C9237B4C8EA5D03184C930B6AF,AndroidT16,16.13.0,Android,Samsung Galaxy S23,Samsung Galaxy S23,login777042198600001,2031-02-28,14/05/1984,2,"95,2",78,74,2284,"{""AccessibilityServices"":{""enabled"":false},""AdvertiserId"":""B4D02C8A-76CA-4EE6-962F-D56D2B256A27"",""AgentAppInfo"":""SberBank 16.13.0 arm64-v8a"",""AgentBrand"":""Samsung Galaxy S23"",""AgentConnectionType"":""4G"",""AppKey"":""A7E015B3-6B4A-4553-A63D-D218DDBFA962"",""ApplicationMD5"":""BB8C341FFA094ADCBFA58BBA28B288EA"",""AuthenticationInfo"":{""HasSavedBioData"":true,""IsDeviceUnlocked"":true,""IsHardwareAvailable"":true},""BootCount"":130,""BootId"":""10098796-62AA-4B33-9EF9-2580211D800A"",""Compromised"":0,""Debugger"":0,""DeveloperTools"":0,""DeviceModel"":""Samsung Galaxy S23"",""DeviceName"":""Unknown"",""DeviceSystemName"":""Android"",""DeviceSystemVersion"":""14"",""Emulator"":0,""HardwareID"":""A7F98B33D014CC2E93AA7B20477D11F8"",""InstallationSource"":""com.android.vending"",""Languages"":""ru_RU"",""LocalIPv4"":""10.0.75.157"",""MCC"":""250"",""MNC"":""1"",""OS_ID"":""F68D12C9237B4C8EA5D03184C930B6AF"",""OSCodeName"":""Android"",""PhoneLastCall"":{""answered"":false,""direction"":0,""duration"":0,""state"":0,""type"":""unknown""},""RdpConnection"":""0"",""ScreenshotCounter"":0,""ScreenSize"":""1080x2340"",""SDK_VERSION"":""5.7.1.1032"",""ShareScreen"":false,""TIMESTAMP"":""2025-10-31T18:14:04Z"",""TimeZone"":""MSK"",""VpnConnection"":false,""LocationHash"":""8D52537F2396443C9B92D990F8A34B7725E2ED8FF56B4F50A21CF6689B08C79F""}",B20|U00|---|---|----|---|--------|-------|---|RM31|---|---|--|------|RI00|---|-C2F-|-F2C-|-C2T-|-T2C-|Y0304|----|---|---|-----|--|N00|----|--|----|----|----|-------,G73|B20|ABS-------|---|M050|----|---|---------|----|--------|Y0203|usdlim|-------|------|U00|RI00|DIGIT01110|----------|---------|TFM_EPK|CBCUR0|ABREL--|-----------,true,ДА,,[],[],83,1761923664,1761923724,{},{},{},"{""demo_client_trace"":true}"
5,6dc43a73-2251-4059-a45c-43c5c0774652,1763622004000,2025-11-20 10:00:04,20251120,20251120,2025-11-20 11:05:04.000000,7770421986,2099007770421986000001,MOBILE,UFS.MOBILEAPI,PAYMENT,RURPAYMENT,PAYMENT_SBP,Перевод С2С из Сбербанка в сторонний Банк,Андрей,Кузнецов,Сергеевич,+7 (916) 742-18-65,+7 (916) 742-18-65,451-98-84216,5599004387129866,5599004387129866,40817810400077421865,42307810900077421865,40817810400077421865,4200.0,RUB,74348734714345581223,044525974,Т-Банк,+7 925 331-19-82,Иванова Мария Игоревна,Сестра,c388b18ed2c7480e899751bf,62316658760366,697cd97d507c4f3f95fcc0b,RU,Moscow,MOW,95.31.232.198,37.6171,55.7483,A7F98B33D014CC2E93AA7B20477D11F8,F68D12C9237B4C8EA5D03184C930B6AF,AndroidT16,16.13.0,Android,Samsung Galaxy S23,Samsung Galaxy S23,login777042198600001,2031-02-28,14/05/1984,2,"95,2",150,179,2284,"{""AccessibilityServices"":{""enabled"":false},""AdvertiserId"":""001A09D6-FD50-4F8B-8EB2-74368C6C774F"",""AgentAppInfo"":""SberBank 16.13.0 arm64-v8a"",""AgentBrand"":""Samsung Galaxy S23"",""AgentConnectionType"":""4G"",""AppKey"":""D4C9ED89-ADC1-4C4F-AADC-8F4BDD668326"",""ApplicationMD5"":""87115BF5350342CBA0DC6BC6F8D32487"",""AuthenticationInfo"":{""HasSavedBioData"":true,""IsDeviceUnlocked"":true,""IsHardwareAvailable"":true},""BootCount"":167,""BootId"":""B5399D49-FCD2-4E39-ACCE-DDCEA33CC13D"",""Compromised"":0,""Debugger"":0,""DeveloperTools"":0,""DeviceModel"":""Samsung Galaxy S23"",""DeviceName"":""Unknown"",""DeviceSystemName"":""Android"",""DeviceSystemVersion"":""14"",""Emulator"":0,""HardwareID"":""A7F98B33D014CC2E93AA7B20477D11F8"",""InstallationSource"":""com.android.vending"",""Languages"":""ru_RU"",""LocalIPv4"":""10.0.49.124"",""MCC"":""250"",""MNC"":""1"",""OS_ID"":""F68D12C9237B4C8EA5D03184C930B6AF"",""OSCodeName"":""Android"",""PhoneLastCall"":{""answered"":false,""direction"":0,""duration"":0,""state"":0,""type"":""unknown""},""RdpConnection"":""0"",""ScreenshotCounter"":0,""ScreenSize"":""1080x2340"",""SDK_VERSION"":""5.7.1.1032"",""ShareScreen"":false,""TIMESTAMP"":""2025-11-20T10:00:04Z"",""TimeZone"":""MSK"",""VpnConnection"":false,""LocationHash"":""ECE1786EEC35445C9D3344A73052F7660D17252E11C74881B62FE11C798B88B8""}",B20|U00|---|---|----|---|--------|-------|---|RM31|---|---|--|------|RI00|---|-C2F-|-F2C-|-C2T-|-T2C-|Y0304|----|---|---|-----|--|N00|----|--|----|----|----|-------,G73|B20|ABS-------|---|M050|----|---|---------|----|--------|Y0203|usdlim|-------|------|U00|RI00|DIGIT01110|----------|---------|TFM_EPK|CBCUR0|ABREL--|-----------,true,ДА,,[],[],2,1763622024,1763622084,{},{},{},"{""demo_client_trace"":true}"
6,feb60e18-178e-4600-a038-f93eba64e5b7,1765810084000,2025-12-15 17:48:04,20251215,20251215,2025-12-15 18:15:04.000000,7770421986,2099007770421986000001,MOBILE,UFS.MOBILEAPI,VIEW_STATEMENT,ACCOUNT,VIEW_DEPOSIT_INFO,Карточка вклада. Просмотр информации по вкладу/счёту,Андрей,Кузнецов,Сергеевич,+7 (916) 742-18-65,+7 (916) 742-18-65,451-98-84216,5599004387129866,5599004387129866,40817810400077421865,42307810900077421865,40817810400077421865,,,,,,,,,a0978e4dde01463c9e0a31a2,40824008427109,,RU,Moscow,MOW,95.31.73.121,37.6171,55.7483,A7F98B33D014CC2E93AA7B20477D11F8,F68D12C9237B4C8EA5D03184C930B6AF,AndroidT16,16.13.0,Android,Samsung Galaxy S23,Samsung Galaxy S23,login777042198600001,2031-02-28,14/05/1984,2,"95,2",123,113,2284,"{""AccessibilityServices"":{""enabled"":false},""AdvertiserId"":""5F87B1F7-4CD1-42F2-B6CC-FDA21850B543"",""AgentAppInfo"":""SberBank 16.13.0 arm64-v8a"",""AgentBrand"":""Samsung Galaxy S23"",""AgentConnectionType"":""5G"",""AppKey"":""72EDDBFB-7684-45B0-A1A6-13248278AD54"",""ApplicationMD5"":""6385F6C0ECEC488AA80B81C9626F3A23"",""AuthenticationInfo"":{""HasSavedBioData"":true,""IsDeviceUnlocked"":true,""IsHardwareAvailable"":true},""BootCount"":67,""BootId"":""556AF72C-C579-4120-80DF-9AF818D0F360"",""Compromised"":0,""Debugger"":0,""DeveloperTools"":0,""DeviceModel"":""Samsung Galaxy S23"",""DeviceName"":""Unknown"",""DeviceSystemName"":""Android"",""DeviceSystemVersion"":""14"",""Emulator"":0,""HardwareID"":""A7F98B33D014CC2E93AA7B20477D11F8"",""InstallationSource"":""com.android.vending"",""Languages"":""ru_RU"",""LocalIPv4"":""10.0.7.66"",""MCC"":""250"",""MNC"":""1"",""OS_ID"":""F68D12C9237B4C8EA5D03184C930B6AF"",""OSCodeName"":""Android"",""PhoneLastCall"":{""answered"":false,""direction"":0,""duration"":0,""state"":0,""type"":""unknown""},""RdpConnection"":""0"",""ScreenshotCounter"":0,""ScreenSize"":""1080x2340"",""SDK_VERSION"":""5.7.1.1032"",""ShareScreen"":false,""TIMESTAMP"":""2025-12-15T17:48:04Z"",""TimeZone"":""MSK"",""VpnConnection"":false,""LocationHash"":""34824CAB1EDE40E1BF750F9BB747178C1B9517EABCE74D5B996C8BAD12F60515""}",B20|U00|---|---|----|---|--------|-------|---|RM31|---|---|--|------|RI00|---|-C2F-|-F2C-|-C2T-|-T2C-|Y0304|----|---|---|-----|--|N00|----|--|----|----|----|-------,G73|B20|ABS-------|---|M050|----|---|---------|----|--------|Y0203|usdlim|-------|------|U00|RI00|DIGIT01110|----------|---------|TFM_EPK|CBCUR0|ABREL--|-----------,false,НЕТ,,[],[],123,1765810104,1765810164,{},{},{},"{""demo_client_trace"":true}"
7,da3d357a-24d4-47b1-979b-9aead4625c0a,1767371464000,2026-01-02 19:31:04,20260102,20260102,2026-01-02 20:30:04.000000,7770421986,2099007770421986000001,MOBILE,UFS.MOBILEAPI,PAYMENT,RURPAYMENT,PAYMENT_SBP,Перевод С2С из Сбербанка в сторонний Банк,Андрей,Кузнецов,Сергеевич,+7 (916) 742-18-65,+7 (916) 742-18-65,451-98-84216,5599004387129866,5599004387129866,40817810400077421865,42307810900077421865,40817810400077421865,9800.0,RUB,18324210249947174648,044525823,Газпромбанк,+7 925 331-19-82,Иванова Мария Игоревна,Сестра,6a20658f06584075840f0c55,87719065940139,0e5748db6baf47e98df7d7d,RU,Moscow,MOW,95.31.151.244,37.6171,55.7483,A7F98B33D014CC2E93AA7B20477D11F8,F68D12C9237B4C8EA5D03184C930B6AF,AndroidT16,16.13.0,Android,Samsung Galaxy S23,Samsung Galaxy S23,login777042198600001,2031-02-28,14/05/1984,2,"95,2",6,173,2284,"{""AccessibilityServices"":{""enabled"":false},""AdvertiserId"":""84AAA420-08E8-48D6-BD77-583AD28C0E49"",""AgentAppInfo"":""SberBank 16.13.0 arm64-v8a"",""AgentBrand"":""Samsung Galaxy S23"",""AgentConnectionType"":""5G"",""AppKey"":""E1A2AF0F-E4C4-48BA-BAC8-2F2DB04E4AEA"",""ApplicationMD5"":""F9F4A8B94320477C8B4E759F6E8F2092"",""AuthenticationInfo"":{""HasSavedBioData"":true,""IsDeviceUnlocked"":true,""IsHardwareAvailable"":true},""BootCount"":167,""BootId"":""7541665B-7EF0-49EC-BF0E-3A6C5A67BCEE"",""Compromised"":0,""Debugger"":0,""DeveloperTools"":0,""DeviceModel"":""Samsung Galaxy S23"",""DeviceName"":""Unknown"",""DeviceSystemName"":""Android"",""DeviceSystemVersion"":""14"",""Emulator"":0,""HardwareID"":""A7F98B33D014CC2E93AA7B20477D11F8"",""InstallationSource"":""com.android.vending"",""Languages"":""ru_RU"",""LocalIPv4"":""10.0.6.197"",""MCC"":""250"",""MNC"":""1"",""OS_ID"":""F68D12C9237B4C8EA5D03184C930B6AF"",""OSCodeName"":""Android"",""PhoneLastCall"":{""answered"":false,""direction"":0,""duration"":0,""state"":0,""type"":""unknown""},""RdpConnection"":""0"",""ScreenshotCounter"":0,""ScreenSize"":""1080x2340"",""SDK_VERSION"":""5.7.1.1032"",""ShareScreen"":false,""TIMESTAMP"":""2026-01-02T19:31:04Z"",""TimeZone"":""MSK"",""VpnConnection"":false,""LocationHash"":""2889D3E36AA94D4BBA08F4ADE4F183DAE40AA587926B4C60B506D4F30022BC42""}",B20|U00|---|---|----|---|--------|-------|---|RM31|---|---|--|------|RI00|---|-C2F-|-F2C-|-C2T-|-T2C-|Y0304|----|---|---|-----|--|N00|----|--|----|----|----|-------,G73|B20|ABS-------|---|M050|----|---|---------|----|--------|Y0203|usdlim|-------|------|U00|RI00|DIGIT01110|----------|---------|TFM_EPK|CBCUR0|ABREL--|-----------,true,ДА,,[],[],45,1767371484,1767371544,{},{},{},"{""demo_client_trace"":true}"
8,8fb17b9a-cc59-46bf-942c-d965d9bc7545,1768986904000,2026-01-21 12:15:04,20260121,20260121,2026-01-21 13:30:04.000000,7770421986,2099007770421986000001,MOBILE,UFS.MOBILEAPI,PAYMENT,PHONE,PHONE_PAYMENT,Оплата мобильной связи,Андрей,Кузнецов,Сергеевич,+7 (916) 742-18-65,+7 (916) 742-18-65,451-98-84216,5599004387129866,5599004387129866,40817810400077421865,42307810900077421865,40817810400077421865,900.0,RUB,61317127484677378263,044525187,ВТБ,+7 916 114-22-75,Смирнов Павел Максимович,Коллега,44f763c63b734298828b8eb6,98214658404499,,RU,Moscow,MOW,95.31.169.126,37.6171,55.7483,A7F98B33D014CC2E93AA7B20477D11F8,F68D12C9237B4C8EA5D03184C930B6AF,AndroidT16,16.13.0,Android,Samsung Galaxy S23,Samsung Galaxy S23,login777042198600001,2031-02-28,14/05/1984,2,"95,2",39,115,2284,"{""AccessibilityServices"":{""enabled"":false},""AdvertiserId"":""90C26EDD-CDAE-4AC3-BE5B-43C5481F8853"",""AgentAppInfo"":""SberBank 16.13.0 arm64-v8a"",""AgentBrand"":""Samsung Galaxy S23"",""AgentConnectionType"":""WiFi"",""AppKey"":""DCEDC41D-AD44-41AC-91B4-44E17CDBAA0E"",""ApplicationMD5"":""EF77F750CDB547DDB22FF38C80E84B40"",""AuthenticationInfo"":{""HasSavedBioData"":true,""IsDeviceUnlocked"":true,""IsHardwareAvailable"":true},""BootCount"":143,""BootId"":""33F4D5FC-2DCF-4969-B4F6-3EEB82037057"",""Compromised"":0,""Debugger"":0,""DeveloperTools"":0,""DeviceModel"":""Samsung Galaxy S23"",""DeviceName"":""Unknown"",""DeviceSystemName"":""Android"",""DeviceSystemVersion"":""14"",""Emulator"":0,""HardwareID"":""A7F98B33D014CC2E93AA7B20477D11F8"",""InstallationSource"":""com.android.vending"",""Languages"":""ru_RU"",""LocalIPv4"":""10.0.45.87"",""MCC"":""250"",""MNC"":""1"",""OS_ID"":""F68D12C9237B4C8EA5D03184C930B6AF"",""OSCodeName"":""Android"",""PhoneLastCall"":{""answered"":false,""direction"":0,""duration"":0,""state"":0,""type"":""unknown""},""RdpConnection"":""0"",""ScreenshotCounter"":0,""ScreenSize"":""1080x2340"",""SDK_VERSION"":""5.7.1.1032"",""ShareScreen"":false,""TIMESTAMP"":""2026-01-21T12:15:04Z"",""TimeZone"":""MSK"",""VpnConnection"":false,""LocationHash"":""B2CC8DB735E04654A502BEA50CF57A9318275CFABA924F17939CC62499F9989A""}",B20|U00|---|---|----|---|--------|-------|---|RM31|---|---|--|------|RI00|---|-C2F-|-F2C-|-C2T-|-T2C-|Y0304|----|---|---|-----|--|N00|----|--|----|----|----|-------,G73|B20|ABS-------|---|M050|----|---|---------|----|--------|Y0203|usdlim|-------|------|U00|RI00|DIGIT01110|----------|---------|TFM_EPK|CBCUR0|ABREL--|-----------,true,ДА,,[],[],142,1768986924,1768986984,{},{},{},"{""demo_client_trace"":true}"
9,e3ac880a-12c1-4e11-934a-e2ff529857d9,1769511184000,2026-01-27 13:53:04,20260127,20260127,2026-01-27 14:56:04.000000,7770421986,2099007770421986000001,MOBILE,UFS.MOBILEAPI,PAYMENT,RURPAYMENT,PAYMENT_SBP,Перевод С2С из Сбербанка в сторонний Банк,Андрей,Кузнецов,Сергеевич,+7 (916) 742-18-65,+7 (916) 742-18-65,451-98-84216,5599004387129866,5599004387129866,40817810400077421865,42307810900077421865,40817810400077421865,56000.0,RUB,53396360576627028951,044525823,Газпромбанк,+7 977 541-04-19,Соколова Анна Дмитриевна,Друг,c2477ccd6ab244c681d61285,71870262174596,46ef16013d154b92b230f56,RU,Moscow,MOW,95.31.167.21,37.6171,55.7483,A7F98B33D014CC2E93AA7B20477D11F8,F68D12C9237B4C8EA5D03184C930B6AF,AndroidT16,16.13.0,Android,Samsung Galaxy S23,Samsung Galaxy S23,login777042198600001,2031-02-28,14/05/1984,2,"95,2",85,173,2284,"{""AccessibilityServices"":{""enabled"":false},""AdvertiserId"":""BE0E2FFE-8545-4751-A45F-C1DADBBFF6DC"",""AgentAppInfo"":""SberBank 16.13.0 arm64-v8a"",""AgentBrand"":""Samsung Galaxy S23"",""AgentConnectionType"":""WiFi"",""AppKey"":""7A2B770F-DB9A-40F5-8D34-FAEF7F79D23C"",""ApplicationMD5"":""56B218973688478BB4C0D38DF3B78227"",""AuthenticationInfo"":{""HasSavedBioData"":true,""IsDeviceUnlocked"":true,""IsHardwareAvailable"":true},""BootCount"":117,""BootId"":""6649E901-FDDE-4307-9F02-CE758E95048F"",""Compromised"":0,""Debugger"":0,""DeveloperTools"":0,""DeviceModel"":""Samsung Galaxy S23"",""DeviceName"":""Unknown"",""DeviceSystemName"":""Android"",""DeviceSystemVersion"":""14"",""Emulator"":0,""HardwareID"":""A7F98B33D014CC2E93AA7B20477D11F8"",""InstallationSource"":""com.android.vending"",""Languages"":""ru_RU"",""LocalIPv4"":""10.0.41.162"",""MCC"":""250"",""MNC"":""1"",""OS_ID"":""F68D12C9237B4C8EA5D03184C930B6AF"",""OSCodeName"":""Android"",""PhoneLastCall"":{""answered"":false,""direction"":0,""duration"":0,""state"":0,""type"":""unknown""},""RdpConnection"":""0"",""ScreenshotCounter"":0,""ScreenSize"":""1080x2340"",""SDK_VERSION"":""5.7.1.1032"",""ShareScreen"":false,""TIMESTAMP"":""2026-01-27T13:53:04Z"",""TimeZone"":""MSK"",""VpnConnection"":false,""LocationHash"":""AAF8209688154B3F9B61C68E9F26BE0F03579F6CF16E47D0BCAA51B0C54916A6""}",B20|U00|---|---|----|---|--------|-------|---|RM31|---|---|--|------|RI00|---|-C2F-|-F2C-|-C2T-|-T2C-|Y0304|----|---|---|-----|--|N00|----|--|----|----|----|-------,G73|B20|ABS-------|---|M050|----|---|---------|----|--------|Y0203|usdlim|-------|------|U00|RI00|DIGIT01110|----------|---------|TFM_EPK|CBCUR0|ABREL--|-----------,true,НЕТ,"{""rule_name"":""DENY перевод новому получателю после смены реквизитов"",""rule_id"":""02747e5b-f298-4592-bfe3-580537f7787c"",""rule_category"":""Black List""}","[""DENY перевод новому получателю после смены реквизитов""]",[],901,1769511204,1769511264,{},{},{},"{""demo_client_trace"":true}"
10,71ecd3b0-ae55-4113-9458-95c571a463ac,1771137304000,2026-02-15 09:35:04,20260215,20260215,2026-02-15 10:58:04.000000,7770421986,2099007770421986000001,MOBILE,UFS.MOBILEAPI,PAYMENT,UTILITY,UTILITY_PAYMENT,Оплата услуг ЖКХ,Андрей,Кузнецов,Сергеевич,+7 (916) 742-18-65,+7 (916) 742-18-65,451-98-84216,5599004387129866,5599004387129866,40817810400077421865,42307810900077421865,40817810400077421865,7110.4,RUB,31746120047113826758,044525823,Газпромбанк,,Петров Денис Алексеевич,Мастер,4a4088b1576b499eb64740fc,69261796405377,,RU,Moscow,MOW,95.31.244.61,37.6171,55.7483,A7F98B33D014CC2E93AA7B20477D11F8,F68D12C9237B4C8EA5D03184C930B6AF,AndroidT16,16.13.0,Android,Samsung Galaxy S23,Samsung Galaxy S23,login777042198600001,2031-02-28,14/05/1984,2,"95,2",93,26,2284,"{""AccessibilityServices"":{""enabled"":false},""AdvertiserId"":""4A877827-44F3-4369-85C2-79DDEB0D35F1"",""AgentAppInfo"":""SberBank 16.13.0 arm64-v8a"",""AgentBrand"":""Samsung Galaxy S23"",""AgentConnectionType"":""WiFi"",""AppKey"":""DD70A8B2-31C0-42B4-9596-0EC9B937BF23"",""ApplicationMD5"":""535A7C31587343C094107425F3AD731A"",""AuthenticationInfo"":{""HasSavedBioData"":true,""IsDeviceUnlocked"":true,""IsHardwareAvailable"":true},""BootCount"":114,""BootId"":""6B3EB4F7-0413-4354-909B-D378463633B2"",""Compromised"":0,""Debugger"":0,""DeveloperTools"":0,""DeviceModel"":""Samsung Galaxy S23"",""DeviceName"":""Unknown"",""DeviceSystemName"":""Android"",""DeviceSystemVersion"":""14"",""Emulator"":0,""HardwareID"":""A7F98B33D014CC2E93AA7B20477D11F8"",""InstallationSource"":""com.android.vending"",""Languages"":""ru_RU"",""LocalIPv4"":""10.0.70.232"",""MCC"":""250"",""MNC"":""1"",""OS_ID"":""F68D12C9237B4C8EA5D03184C930B6AF"",""OSCodeName"":""Android"",""PhoneLastCall"":{""answered"":false,""direction"":0,""duration"":0,""state"":0,""type"":""unknown""},""RdpConnection"":""0"",""ScreenshotCounter"":0,""ScreenSize"":""1080x2340"",""SDK_VERSION"":""5.7.1.1032"",""ShareScreen"":false,""TIMESTAMP"":""2026-02-15T09:35:04Z"",""TimeZone"":""MSK"",""VpnConnection"":false,""LocationHash"":""68B33BCAD8594CF18AEE3076315D13FDDE2C36887BDB4DD695901CFFE8988A29""}",B20|U00|---|---|----|---|--------|-------|---|RM31|---|---|--|------|RI00|---|-C2F-|-F2C-|-C2T-|-T2C-|Y0304|----|---|---|-----|--|N00|----|--|----|----|----|-------,G73|B20|ABS-------|---|M050|----|---|---------|----|--------|Y0203|usdlim|-------|------|U00|RI00|DIGIT01110|----------|---------|TFM_EPK|CBCUR0|ABREL--|-----------,true,НЕТ,,[],[],92,1771137324,1771137384,{},{},{},"{""demo_client_trace"":true}"
11,77fbd8b9-a69e-4034-86a0-45b43e21e84e,1772539684000,2026-03-03 15:08:04,20260303,20260303,2026-03-03 16:37:04.000000,7770421986,2099007770421986000001,MOBILE,UFS.MOBILEAPI,PAYMENT,ME2ME,ME2ME_TRANSFER,Перевод между своими счетами,Андрей,Кузнецов,Сергеевич,+7 (916) 742-18-65,+7 (916) 742-18-65,451-98-84216,5599004387129866,5599004387129866,40817810400077421865,42307810900077421865,40817810400077421865,12000.0,RUB,84700766177115921249,044525823,Газпромбанк,,Смирнов Павел Максимович,Коллега,c6d9872449f8409984dea9ee,98569847896118,,RU,Moscow,MOW,95.31.185.222,37.6171,55.7483,A7F98B33D014CC2E93AA7B20477D11F8,F68D12C9237B4C8EA5D03184C930B6AF,AndroidT16,16.13.0,Android,Samsung Galaxy S23,Samsung Galaxy S23,login777042198600001,2031-02-28,14/05/1984,2,"95,2",56,111,2284,"{""AccessibilityServices"":{""enabled"":false},""AdvertiserId"":""BE039516-902A-4F48-AE66-54A1F5E93EE4"",""AgentAppInfo"":""SberBank 16.13.0 arm64-v8a"",""AgentBrand"":""Samsung Galaxy S23"",""AgentConnectionType"":""5G"",""AppKey"":""D07F04E4-9089-4228-8271-EE3180DF2452"",""ApplicationMD5"":""25EEA456B55A4E87BCF15FE57AD82874"",""AuthenticationInfo"":{""HasSavedBioData"":true,""IsDeviceUnlocked"":true,""IsHardwareAvailable"":true},""BootCount"":78,""BootId"":""B6173CA8-6232-498E-896D-AEC7CFCBBB9B"",""Compromised"":0,""Debugger"":0,""DeveloperTools"":0,""DeviceModel"":""Samsung Galaxy S23"",""DeviceName"":""Unknown"",""DeviceSystemName"":""Android"",""DeviceSystemVersion"":""14"",""Emulator"":0,""HardwareID"":""A7F98B33D014CC2E93AA7B20477D11F8"",""InstallationSource"":""com.android.vending"",""Languages"":""ru_RU"",""LocalIPv4"":""10.0.53.88"",""MCC"":""250"",""MNC"":""1"",""OS_ID"":""F68D12C9237B4C8EA5D03184C930B6AF"",""OSCodeName"":""Android"",""PhoneLastCall"":{""answered"":false,""direction"":0,""duration"":0,""state"":0,""type"":""unknown""},""RdpConnection"":""0"",""ScreenshotCounter"":0,""ScreenSize"":""1080x2340"",""SDK_VERSION"":""5.7.1.1032"",""ShareScreen"":false,""TIMESTAMP"":""2026-03-03T15:08:04Z"",""TimeZone"":""MSK"",""VpnConnection"":false,""LocationHash"":""3856D4EAE81E43EE95859FE19E89C2D9491D18D1C9B1410283BBA708EFED9780""}",B20|U00|---|---|----|---|--------|-------|---|RM31|---|---|--|------|RI00|---|-C2F-|-F2C-|-C2T-|-T2C-|Y0304|----|---|---|-----|--|N00|----|--|----|----|----|-------,G73|B20|ABS-------|---|M050|----|---|---------|----|--------|Y0203|usdlim|-------|------|U00|RI00|DIGIT01110|----------|---------|TFM_EPK|CBCUR0|ABREL--|-----------,true,ДА,,[],[],117,1772539704,1772539764,{},{},{},"{""demo_client_trace"":true}"
12,802c60e5-205e-4246-b24c-b8692b169247,1773037102000,2026-03-09 09:18:22,20260309,20260309,2026-03-09 09:35:22.000000,7770421986,2099007770421986000001,MOBILE,UFS.MOBILEAPI,VIEW_STATEMENT,ACCOUNT,VIEW_DEPOSIT_INFO,Карточка вклада. Просмотр информации по вкладу/счёту,Андрей,Кузнецов,Сергеевич,+7 (916) 742-18-65,+7 (916) 742-18-65,451-98-84216,5599004387129866,5599004387129866,40817810400077421865,42307810900077421865,40817810400077421865,,,,,,,,,ef49f3ab5b044821a02562fb,56545271111615,,RU,Moscow,MOW,95.31.208.34,37.6171,55.7483,A7F98B33D014CC2E93AA7B20477D11F8,F68D12C9237B4C8EA5D03184C930B6AF,AndroidT16,16.13.0,Android,Samsung Galaxy S23,Samsung Galaxy S23,login777042198600001,2031-02-28,14/05/1984,2,"95,2",143,16,2284,"{""AccessibilityServices"":{""enabled"":false},""AdvertiserId"":""4A30AD94-4D08-4731-85E6-3D46B8935E2B"",""AgentAppInfo"":""SberBank 16.13.0 arm64-v8a"",""AgentBrand"":""Samsung Galaxy S23"",""AgentConnectionType"":""WiFi"",""AppKey"":""5A3CF545-BEC3-4388-8090-584C54E126C5"",""ApplicationMD5"":""1783B438848749EBBBB0264304D0FD72"",""AuthenticationInfo"":{""HasSavedBioData"":true,""IsDeviceUnlocked"":true,""IsHardwareAvailable"":true},""BootCount"":163,""BootId"":""03BBE7C3-5AF1-4F9A-8550-AC1AE1BAAFA9"",""Compromised"":0,""Debugger"":0,""DeveloperTools"":0,""DeviceModel"":""Samsung Galaxy S23"",""DeviceName"":""Unknown"",""DeviceSystemName"":""Android"",""DeviceSystemVersion"":""14"",""Emulator"":0,""HardwareID"":""A7F98B33D014CC2E93AA7B20477D11F8"",""InstallationSource"":""com.android.vending"",""Languages"":""ru_RU"",""LocalIPv4"":""10.0.72.86"",""MCC"":""250"",""MNC"":""1"",""OS_ID"":""F68D12C9237B4C8EA5D03184C930B6AF"",""OSCodeName"":""Android"",""PhoneLastCall"":{""answered"":false,""direction"":0,""duration"":0,""state"":0,""type"":""unknown""},""RdpConnection"":""0"",""ScreenshotCounter"":0,""ScreenSize"":""1080x2340"",""SDK_VERSION"":""5.7.1.1032"",""ShareScreen"":false,""TIMESTAMP"":""2026-03-09T09:18:22Z"",""TimeZone"":""MSK"",""VpnConnection"":false,""LocationHash"":""B9E5EB2EE49F4967A1D440E2BB180560B840F84179D54820BE1BBDFE739BC9B8""}",B20|U00|---|---|----|---|--------|-------|---|RM31|---|---|--|------|RI00|---|-C2F-|-F2C-|-C2T-|-T2C-|Y0304|----|---|---|-----|--|N00|----|--|----|----|----|-------,G73|B20|ABS-------|---|M050|----|---|---------|----|--------|Y0203|usdlim|-------|------|U00|RI00|DIGIT01110|----------|---------|TFM_EPK|CBCUR0|ABREL--|-----------,false,НЕТ,"{""rule_name"":""INFO просмотр вклада после смены устройства"",""rule_id"":""a725dd03-f135-43fa-a437-91924627f2c0"",""rule_category"":""Device Anomaly""}","[""INFO просмотр вклада после смены устройства""]",[],412,1773037122,1773037182,{},{},{},"{""demo_client_trace"":true}"
13,113e5e2a-21f5-4d8f-b65e-b1574f46d876,1773040011000,2026-03-09 10:06:51,20260309,20260309,2026-03-09 11:06:51.000000,7770421986,2099007770421986000001,MOBILE,UFS.MOBILEAPI,PAYMENT,RURPAYMENT,PAYMENT_SBP,Перевод С2С из Сбербанка в сторонний Банк,Андрей,Кузнецов,Сергеевич,+7 (916) 742-18-65,+7 (916) 742-18-65,451-98-84216,5599004387129866,5599004387129866,40817810400077421865,42307810900077421865,40817810400077421865,15000.0,RUB,14978403690034324451,044525225,ПАО Сбербанк,+7 903 742-88-10,Петров Денис Алексеевич,Мастер,645c52436af74e84b1b11335,07622683885160,f992b6681990406b807c1b2,RU,Moscow,MOW,95.31.112.5,37.6171,55.7483,A7F98B33D014CC2E93AA7B20477D11F8,F68D12C9237B4C8EA5D03184C930B6AF,AndroidT16,16.13.0,Android,Samsung Galaxy S23,Samsung Galaxy S23,login777042198600001,2031-02-28,14/05/1984,2,"95,2",118,20,2284,"{""AccessibilityServices"":{""enabled"":false},""AdvertiserId"":""8A5033BE-8C35-4F64-81B6-E9054EA3335C"",""AgentAppInfo"":""SberBank 16.13.0 arm64-v8a"",""AgentBrand"":""Samsung Galaxy S23"",""AgentConnectionType"":""5G"",""AppKey"":""1FB3E23D-4E15-4C58-BCD1-29818CC084DE"",""ApplicationMD5"":""5A2588D3C3364028A04D5FF799F70B0B"",""AuthenticationInfo"":{""HasSavedBioData"":true,""IsDeviceUnlocked"":true,""IsHardwareAvailable"":true},""BootCount"":167,""BootId"":""8C0875AB-7760-4E26-9B85-7D84F37CADA2"",""Compromised"":0,""Debugger"":0,""DeveloperTools"":0,""DeviceModel"":""Samsung Galaxy S23"",""DeviceName"":""Unknown"",""DeviceSystemName"":""Android"",""DeviceSystemVersion"":""14"",""Emulator"":0,""HardwareID"":""A7F98B33D014CC2E93AA7B20477D11F8"",""InstallationSource"":""com.android.vending"",""Languages"":""ru_RU"",""LocalIPv4"":""10.0.55.148"",""MCC"":""250"",""MNC"":""1"",""OS_ID"":""F68D12C9237B4C8EA5D03184C930B6AF"",""OSCodeName"":""Android"",""PhoneLastCall"":{""answered"":false,""direction"":0,""duration"":0,""state"":0,""type"":""unknown""},""RdpConnection"":""0"",""ScreenshotCounter"":0,""ScreenSize"":""1080x2340"",""SDK_VERSION"":""5.7.1.1032"",""ShareScreen"":false,""TIMESTAMP"":""2026-03-09T10:06:51Z"",""TimeZone"":""MSK"",""VpnConnection"":false,""LocationHash"":""B5D1A81810B5408CA6583C801D74ED32838123657AB24B028444752C1BF750A7""}",B20|U00|---|---|----|---|--------|-------|---|RM31|---|---|--|------|RI00|---|-C2F-|-F2C-|-C2T-|-T2C-|Y0304|----|---|---|-----|--|N00|----|--|----|----|----|-------,G73|B20|ABS-------|---|M050|----|---|---------|----|--------|Y0203|usdlim|-------|------|U00|RI00|DIGIT01110|----------|---------|TFM_EPK|CBCUR0|ABREL--|-----------,true,НЕТ,"{""rule_name"":""DENY новый получатель после просмотра счетов"",""rule_id"":""31516e81-fdca-4386-8837-bdb3c70e9fd3"",""rule_category"":""New Payee""}","[""DENY новый получатель после просмотра счетов""]",[],768,1773040031,1773040091,{},{},{},"{""demo_client_trace"":true}"
14,ad83ab0f-79a9-4df0-b27c-4088d07c6311,1773049338000,2026-03-09 12:42:18,20260309,20260309,2026-03-09 14:01:18.000000,7770421986,2099007770421986000001,MOBILE,UFS.MOBILEAPI,PAYMENT,RURPAYMENT,PAYMENT_SBP,Перевод С2С из Сбербанка в сторонний Банк,Андрей,Кузнецов,Сергеевич,+7 (916) 742-18-65,+7 (916) 742-18-65,451-98-84216,5599004387129866,5599004387129866,40817810400077421865,42307810900077421865,40817810400077421865,92000.0,RUB,80793597820715182037,044525974,Т-Банк,+7 977 541-04-19,Соколова Анна Дмитриевна,Друг,ff9b5b0ae2db41959fa6377d,78892554665905,ecb0f2b21f044242b48e80d,RU,Moscow,MOW,95.31.17.85,37.6171,55.7483,A7F98B33D014CC2E93AA7B20477D11F8,F68D12C9237B4C8EA5D03184C930B6AF,AndroidT16,16.13.0,Android,Samsung Galaxy S23,Samsung Galaxy S23,login777042198600001,2031-02-28,14/05/1984,2,"95,2",25,143,2284,"{""AccessibilityServices"":{""enabled"":false},""AdvertiserId"":""4FF48B07-1CDA-49F5-AB1C-0EBC2B3B8473"",""AgentAppInfo"":""SberBank 16.13.0 arm64-v8a"",""AgentBrand"":""Samsung Galaxy S23"",""AgentConnectionType"":""WiFi"",""AppKey"":""1C0E1F23-FB7F-4997-95D8-1CEB6B801201"",""ApplicationMD5"":""55D0C93E59524FFFB2E1965BA4D66D19"",""AuthenticationInfo"":{""HasSavedBioData"":true,""IsDeviceUnlocked"":true,""IsHardwareAvailable"":true},""BootCount"":118,""BootId"":""035FC604-8E8D-4D0F-B8E0-6B399807CF36"",""Compromised"":0,""Debugger"":0,""DeveloperTools"":0,""DeviceModel"":""Samsung Galaxy S23"",""DeviceName"":""Unknown"",""DeviceSystemName"":""Android"",""DeviceSystemVersion"":""14"",""Emulator"":0,""HardwareID"":""A7F98B33D014CC2E93AA7B20477D11F8"",""InstallationSource"":""com.android.vending"",""Languages"":""ru_RU"",""LocalIPv4"":""10.0.37.66"",""MCC"":""250"",""MNC"":""1"",""OS_ID"":""F68D12C9237B4C8EA5D03184C930B6AF"",""OSCodeName"":""Android"",""PhoneLastCall"":{""answered"":false,""direction"":0,""duration"":0,""state"":0,""type"":""unknown""},""RdpConnection"":""0"",""ScreenshotCounter"":0,""ScreenSize"":""1080x2340"",""SDK_VERSION"":""5.7.1.1032"",""ShareScreen"":false,""TIMESTAMP"":""2026-03-09T12:42:18Z"",""TimeZone"":""MSK"",""VpnConnection"":false,""LocationHash"":""7A2BE96B91E24E50A0AE70D89E7068CA5A6A5DCBE9634BC4BAF5CAA3AB9D8B28""}",B20|U00|---|---|----|---|--------|-------|---|RM31|---|---|--|------|RI00|---|-C2F-|-F2C-|-C2T-|-T2C-|Y0304|----|---|---|-----|--|N00|----|--|----|----|----|-------,G73|B20|ABS-------|---|M050|----|---|---------|----|--------|Y0203|usdlim|-------|------|U00|RI00|DIGIT01110|----------|---------|TFM_EPK|CBCUR0|ABREL--|-----------,true,НЕТ,"{""rule_name"":""DENY смена реквизита после Blacklist MarkerD NOT_ORM"",""rule_id"":""89b04614-0898-4adc-a65c-9a9de29c79d5"",""rule_category"":""Black List""}","[""DENY смена реквизита после Blacklist MarkerD NOT_ORM""]",[],955,1773049358,1773049418,{},{},{},"{""demo_client_trace"":true}"
15,8b9d230e-24ee-42c5-882a-6f5adac6a497,1773144664000,2026-03-10 15:11:04,20260310,20260310,2026-03-10 15:22:04.000000,7770421986,2099007770421986000001,MOBILE,UFS.MOBILEAPI,PAYMENT,ME2ME,ME2ME_TRANSFER,Перевод между своими счетами,Андрей,Кузнецов,Сергеевич,+7 (916) 742-18-65,+7 (916) 742-18-65,451-98-84216,5599004387129866,5599004387129866,40817810400077421865,42307810900077421865,40817810400077421865,10000.0,RUB,54156676527758416169,044525187,ВТБ,,Петров Денис Алексеевич,Мастер,b13247ac57de49bdbaac76c3,28451154479627,,RU,Moscow,MOW,95.31.90.115,37.6171,55.7483,A7F98B33D014CC2E93AA7B20477D11F8,F68D12C9237B4C8EA5D03184C930B6AF,AndroidT16,16.13.0,Android,Samsung Galaxy S23,Samsung Galaxy S23,login777042198600001,2031-02-28,14/05/1984,2,"95,2",11,91,2284,"{""AccessibilityServices"":{""enabled"":false},""AdvertiserId"":""412B794B-9997-4FE1-AC28-E73FA2FDCC74"",""AgentAppInfo"":""SberBank 16.13.0 arm64-v8a"",""AgentBrand"":""Samsung Galaxy S23"",""AgentConnectionType"":""WiFi"",""AppKey"":""F500E970-DDE7-4CDB-AA1F-3CBB9F5E1281"",""ApplicationMD5"":""A98EBC3DB617451AAF4DCC86D1BFE8E2"",""AuthenticationInfo"":{""HasSavedBioData"":true,""IsDeviceUnlocked"":true,""IsHardwareAvailable"":true},""BootCount"":131,""BootId"":""B10972E2-E275-4419-8F86-B2862226027C"",""Compromised"":0,""Debugger"":0,""DeveloperTools"":0,""DeviceModel"":""Samsung Galaxy S23"",""DeviceName"":""Unknown"",""DeviceSystemName"":""Android"",""DeviceSystemVersion"":""14"",""Emulator"":0,""HardwareID"":""A7F98B33D014CC2E93AA7B20477D11F8"",""InstallationSource"":""com.android.vending"",""Languages"":""ru_RU"",""LocalIPv4"":""10.0.36.165"",""MCC"":""250"",""MNC"":""1"",""OS_ID"":""F68D12C9237B4C8EA5D03184C930B6AF"",""OSCodeName"":""Android"",""PhoneLastCall"":{""answered"":false,""direction"":0,""duration"":0,""state"":0,""type"":""unknown""},""RdpConnection"":""0"",""ScreenshotCounter"":0,""ScreenSize"":""1080x2340"",""SDK_VERSION"":""5.7.1.1032"",""ShareScreen"":false,""TIMESTAMP"":""2026-03-10T15:11:04Z"",""TimeZone"":""MSK"",""VpnConnection"":false,""LocationHash"":""26A5AD8D60594CBE928749722A6B403799D85842E4EC45F58A8BA3947597173E""}",B20|U00|---|---|----|---|--------|-------|---|RM31|---|---|--|------|RI00|---|-C2F-|-F2C-|-C2T-|-T2C-|Y0304|----|---|---|-----|--|N00|----|--|----|----|----|-------,G73|B20|ABS-------|---|M050|----|---|---------|----|--------|Y0203|usdlim|-------|------|U00|RI00|DIGIT01110|----------|---------|TFM_EPK|CBCUR0|ABREL--|-----------,true,НЕТ,,[],[],15,1773144684,1773144744,{},{},{},"{""demo_client_trace"":true}"
16,b61f7f84-9eae-4815-a84d-3b76eaff8af3,1773411904000,2026-03-13 17:25:04,20260313,20260313,2026-03-13 17:38:04.000000,7770421986,2099007770421986000001,MOBILE,UFS.MOBILEAPI,PAYMENT,PHONE,PHONE_PAYMENT,Оплата мобильной связи,Андрей,Кузнецов,Сергеевич,+7 (916) 742-18-65,+7 (916) 742-18-65,451-98-84216,5599004387129866,5599004387129866,40817810400077421865,42307810900077421865,40817810400077421865,950.0,RUB,88442258313237058957,044525187,ВТБ,+7 903 742-88-10,Петров Денис Алексеевич,Мастер,13bed67e8d10444f9953a6f6,82911467866912,,RU,Moscow,MOW,95.31.249.82,37.6171,55.7483,A7F98B33D014CC2E93AA7B20477D11F8,F68D12C9237B4C8EA5D03184C930B6AF,AndroidT16,16.13.0,Android,Samsung Galaxy S23,Samsung Galaxy S23,login777042198600001,2031-02-28,14/05/1984,2,"95,2",165,19,2284,"{""AccessibilityServices"":{""enabled"":false},""AdvertiserId"":""9289A987-E9AF-420A-9218-43AAF797837C"",""AgentAppInfo"":""SberBank 16.13.0 arm64-v8a"",""AgentBrand"":""Samsung Galaxy S23"",""AgentConnectionType"":""5G"",""AppKey"":""24CAB449-A33C-4F91-AA59-34EA5E8A172B"",""ApplicationMD5"":""140128BFD09A4B578B71C196B1F1ABC5"",""AuthenticationInfo"":{""HasSavedBioData"":true,""IsDeviceUnlocked"":true,""IsHardwareAvailable"":true},""BootCount"":139,""BootId"":""476B5491-7955-49BB-82EA-4BC57594BD7F"",""Compromised"":0,""Debugger"":0,""DeveloperTools"":0,""DeviceModel"":""Samsung Galaxy S23"",""DeviceName"":""Unknown"",""DeviceSystemName"":""Android"",""DeviceSystemVersion"":""14"",""Emulator"":0,""HardwareID"":""A7F98B33D014CC2E93AA7B20477D11F8"",""InstallationSource"":""com.android.vending"",""Languages"":""ru_RU"",""LocalIPv4"":""10.0.88.134"",""MCC"":""250"",""MNC"":""1"",""OS_ID"":""F68D12C9237B4C8EA5D03184C930B6AF"",""OSCodeName"":""Android"",""PhoneLastCall"":{""answered"":false,""direction"":0,""duration"":0,""state"":0,""type"":""unknown""},""RdpConnection"":""0"",""ScreenshotCounter"":0,""ScreenSize"":""1080x2340"",""SDK_VERSION"":""5.7.1.1032"",""ShareScreen"":false,""TIMESTAMP"":""2026-03-13T17:25:04Z"",""TimeZone"":""MSK"",""VpnConnection"":false,""LocationHash"":""4D76854599E14B0D94B2EA772638548F7EDE4BA3C2E043C29296597AB9BF4D6B""}",B20|U00|---|---|----|---|--------|-------|---|RM31|---|---|--|------|RI00|---|-C2F-|-F2C-|-C2T-|-T2C-|Y0304|----|---|---|-----|--|N00|----|--|----|----|----|-------,G73|B20|ABS-------|---|M050|----|---|---------|----|--------|Y0203|usdlim|-------|------|U00|RI00|DIGIT01110|----------|---------|TFM_EPK|CBCUR0|ABREL--|-----------,true,НЕТ,,[],[],89,1773411924,1773411984,{},{},{},"{""demo_client_trace"":true}"
